label,cond1,cond2,cond3,sms,item,sentence,overnum,labels_nums,num_words,label_mismatch,verb_num
mklo_hit_exp_100,mklo,hit,exp,0,100,The workmen banged the nails.,1,5,5,0,2
mklo_break_exp_100,mklo,break,exp,0,100,The workmen chipped the tiles.,13,5,5,0,2
mklo_hit_exp_101,mklo,hit,exp,0,101,The king slapped the rebel.,2,5,5,0,2
mklo_break_exp_101,mklo,break,exp,0,101,The king crushed the protest.,14,5,5,0,2
mklo_hit_exp_102,mklo,hit,exp,0,102,The assistant patted the dough.,3,5,5,0,2
mklo_break_exp_102,mklo,break,exp,0,102,The assistant ripped the script.,15,5,5,0,2
mklo_hit_exp_103,mklo,hit,exp,0,103,The maidens caressed my feet.,4,5,5,0,2
mklo_break_exp_103,mklo,break,exp,0,103,The boulders shattered my feet.,16,5,5,0,2
mklo_hit_exp_104,mklo,hit,exp,0,104,The boys bit the candy.,5,5,5,0,2
mklo_break_exp_104,mklo,break,exp,0,104,The boys smashed the bottles.,17,5,5,0,2
mklo_hit_exp_105,mklo,hit,exp,0,105,The man beat the oxen.,6,5,5,0,2
mklo_break_exp_105,mklo,break,exp,0,105,The man tore the tickets.,18,5,5,0,2
mklo_hit_exp_106,mklo,hit,exp,0,106,The breeze tickled my neck.,7,5,5,0,2
mklo_break_exp_106,mklo,break,exp,0,106,The monk fractured his neck.,19,5,5,0,2
mklo_hit_exp_107,mklo,hit,exp,0,107,The teenagers battered the suspects.,8,5,5,0,2
mklo_break_exp_107,mklo,break,exp,0,107,The teenagers rumpled the sweaters.,20,5,5,0,2
mklo_hit_exp_108,mklo,hit,exp,0,108,The sheriff nudged my elbow.,9,5,5,0,2
mklo_break_exp_108,mklo,break,exp,0,108,The stones cracked my windshield.,21,5,5,0,2
mklo_hit_exp_109,mklo,hit,exp,0,109,The jay pecked the treats.,10,5,5,0,2
mklo_break_exp_109,mklo,break,exp,0,109,The stove scorched the treats.,22,5,5,0,2
mklo_hit_exp_110,mklo,hit,exp,0,110,The warrior kicked my jaw.,11,5,5,0,2
mklo_break_exp_110,mklo,break,exp,0,110,The warrior snapped my jaw.,23,5,5,0,2
mklo_hit_exp_111,mklo,hit,exp,0,111,The acid stung my eye.,12,5,5,0,2
mklo_break_exp_111,mklo,break,exp,0,111,The oven thawed my food.,24,5,5,0,2
gp_event_exp_200,gp,event,exp,0,200,The head librarian arranged a new weekly meeting.,25,8,8,0,3
gp_state_exp_200,gp,state,exp,0,200,The head librarian belonged to a union committee.,69,8,8,0,3
gp_event_fill_200,gp,event,fill,4,200,The head librarian sunshine a new weekly meeting.,,,,,
gp_event_exp_201,gp,event,exp,0,201,The chief resident accused the nurse of being inefficient.,26,9,9,0,3
gp_state_exp_201,gp,state,exp,0,201,The chief resident regarded the nurse as a dear friend.,70,10,10,0,3
gp_state_fill_201,gp,state,fill,6,201,The chief resident regarded the eaten as a dear friend.,,,,,
gp_event_exp_202,gp,event,exp,0,202,The young detective inspected the crime scene.,27,7,7,0,3
gp_state_exp_202,gp,state,exp,0,202,The young detective disliked his senior partner.,71,7,7,0,3
gp_event_fill_202,gp,event,fill,5,202,The young detective inspected deal crime scene.,,,,,
gp_event_exp_203,gp,event,exp,0,203,The Lebanese immigrant came to Maryland around 1966.,28,8,8,0,3
gp_state_exp_203,gp,state,exp,0,203,The Lebanese immigrant lived in Maryland since 1966.,72,8,8,0,3
gp_event_fill_203,gp,event,fill,4,203,The Lebanese immigrant sorry to Maryland around 1966.,,,,,
gp_event_exp_204,gp,event,exp,0,204,The older daughter interrupted her father.,29,6,6,0,3
gp_state_exp_204,gp,state,exp,0,204,The older daughter resembled her mother.,73,6,6,0,3
gp_state_fill_204,gp,state,fill,6,204,The older daughter resembled her missed.,,,,,
gp_event_exp_205,gp,event,exp,0,205,The impeached president asserted his constitutional right to immunity.,30,9,9,0,3
gp_state_exp_205,gp,state,exp,0,205,The impeached president regretted his administration's political mistakes.,74,8,8,0,3
gp_event_fill_205,gp,event,fill,4,205,The impeached president newcomers his constitutional right to immunity.,,,,,
gp_event_exp_206,gp,event,exp,0,206,The restless scout explored the Amazon basin.,31,7,7,0,3
gp_state_exp_206,gp,state,exp,0,206,The restless scout respected his coach.,75,6,6,0,3
gp_state_fill_206,gp,state,fill,5,206,The restless scout respected gone coach.,,,,,
gp_event_exp_207,gp,event,exp,0,207,The famous violinist criticized his colleagues.,32,6,6,0,3
gp_state_exp_207,gp,state,exp,0,207,The famous violinist appreciated his colleagues.,76,6,6,0,3
gp_event_fill_207,gp,event,fill,4,207,The famous violinist citizenship his colleagues.,,,,,
gp_event_exp_208,gp,event,exp,0,208,The Renaissance philosopher invented a complex pulley,33,7,7,0,3
gp_state_exp_208,gp,state,exp,0,208,The Renaissance philosopher admired his ancient predecessors.,77,7,7,0,3
gp_event_fill_208,gp,event,fill,5,208,The Renaissance philosopher invented room complex pulley,,,,,
gp_event_exp_209,gp,event,exp,0,209,The French ambassador visited the northern provinces of Canada.,34,9,9,0,3
gp_state_exp_209,gp,state,exp,0,209,The French ambassador owned a productive factory since the nineties.,78,10,10,0,3
gp_state_fill_209,gp,state,fill,10,209,The French ambassador owned a productive factory since the rehearse.,,,,,
gp_event_exp_210,gp,event,exp,0,210,The political prisoner contacted a Human Rights organization.,35,8,8,0,3
gp_state_exp_210,gp,state,exp,0,210,The political prisoner deserved better treatment.,79,6,6,0,3
gp_event_fill_210,gp,event,fill,4,210,The political prisoner platinum a Human Rights organization.,,,,,
gp_event_exp_211,gp,event,exp,0,211,The local athlete eluded the anxious reporter.,36,7,7,0,3
gp_state_exp_211,gp,state,exp,0,211,The local athlete envied the Olympic champion.,80,7,7,0,3
gp_state_fill_211,gp,state,fill,6,211,The local athlete envied the Breathe champion.,,,,,
gp_event_exp_212,gp,event,exp,0,212,The Italian minister provoked an angry response at the UN meeting.,37,11,11,0,3
gp_state_exp_212,gp,state,exp,0,212,The Italian minister possessed an impressive fortune before he took office.,81,11,11,0,3
gp_event_fill_212,gp,event,fill,8,212,The Italian minister provoked an angry response safe the UN meeting.,,,,,
gp_event_exp_213,gp,event,exp,0,213,The senior student painted his room yellow.,38,7,7,0,3
gp_state_exp_213,gp,state,exp,0,213,The senior student hated his greedy roommate.,82,7,7,0,3
gp_state_fill_213,gp,state,fill,4,213,The senior student cheaper his greedy roommate.,,,,,
gp_event_exp_214,gp,event,exp,0,214,The retired musician built his second house from scratch.,39,9,9,0,3
gp_state_exp_214,gp,state,exp,0,214,The retired musician loved his second child very much.,83,9,9,0,3
gp_state_fill_214,gp,state,fill,9,214,The retired allergic loved his second child very anti.,,,,,
gp_event_exp_215,gp,event,exp,0,215,The old prosecutor invoked the fourth amendment.,40,7,7,0,3
gp_state_exp_215,gp,state,exp,0,215,The old prosecutor cherished his close colleagues.,84,7,7,0,3
gp_event_fill_215,gp,event,fill,4,215,The old prosecutor oxidation the fourth amendment.,,,,,
gp_event_exp_216,gp,event,exp,0,216,The bossy editor allowed one party in the office.,41,9,9,0,3
gp_state_exp_216,gp,state,exp,0,216,The bossy editor needed two phones in his office.,85,9,9,0,3
gp_state_fill_216,gp,state,fill,8,216,The bossy editor needed two phones in goes office.,,,,,
gp_event_exp_217,gp,event,exp,0,217,The army general clarified his political position.,42,7,7,0,3
gp_state_exp_217,gp,state,exp,0,217,The army general despised the navy commander.,86,7,7,0,3
gp_state_fill_217,gp,state,fill,4,217,The army general untreated the navy commander.,,,,,
gp_event_exp_218,gp,event,exp,0,218,The teaching assistant degraded his supervisor.,43,6,6,0,3
gp_state_exp_218,gp,state,exp,0,218,The teaching assistant detested his supervisor.,87,6,6,0,3
gp_state_fill_218,gp,state,fill,5,218,The teaching assistant detested foot supervisor.,,,,,
gp_event_exp_219,gp,event,exp,0,219,The celebrated investor mingled with his friends.,44,7,7,0,3
gp_state_exp_219,gp,state,exp,0,219,The celebrated investor resided in New York.,88,7,7,0,3
gp_event_fill_219,gp,event,fill,7,219,The celebrated investor mingled with his located.,,,,,
gp_event_exp_220,gp,event,exp,0,220,The idealistic peacekeeper disarmed the guerilla fighter.,45,7,7,0,3
gp_state_exp_220,gp,state,exp,0,220,The idealistic peacekeeper revered his pacifist ancestors.,89,7,7,0,3
gp_state_fill_220,gp,state,fill,4,220,The idealistic peacekeeper jumpers his pacifist ancestors.,,,,,
gp_event_exp_221,gp,event,exp,0,221,The experienced manager assured the stockholders of success.,46,8,8,0,3
gp_state_exp_221,gp,state,exp,0,221,The experienced manager trusted his employees.,90,6,6,0,3
gp_event_fill_221,gp,event,fill,5,221,The experienced manager assured sun stockholders of success.,,,,,
gp_event_exp_222,gp,event,exp,0,222,The executive director curtailed the workers' rights.,47,7,7,0,3
gp_state_exp_222,gp,state,exp,0,222,The executive director loathed the company's lawyer.,91,7,7,0,3
gp_event_fill_222,gp,event,fill,4,222,The executive director cyclones the workers' rights.,,,,,
gp_event_exp_223,gp,event,exp,0,223,The frontier rangers decimated the illegal settlements.,48,7,7,0,3
gp_state_exp_223,gp,state,exp,0,223,The frontier rangers distrusted the Mexican immigrants.,92,7,7,0,3
gp_state_fill_223,gp,state,fill,6,223,The frontier rangers distrusted the whereas immigrants.,,,,,
gp_event_exp_224,gp,event,exp,0,224,The savvy accountant deducted the outrageous fees.,49,7,7,0,3
gp_state_exp_224,gp,state,exp,0,224,The savvy accountant aspired to the bank's presidency.,93,8,8,0,3
gp_event_fill_224,gp,event,fill,6,224,The savvy accountant deducted the childbirth fees.,,,,,
gp_event_exp_225,gp,event,exp,0,225,The visiting scientist solved the intricate math problem.,50,8,8,0,3
gp_state_exp_225,gp,state,exp,0,225,The visiting scientist lacked any knowledge of English.,94,8,8,0,3
gp_event_fill_225,gp,event,fill,7,225,The visiting scientist solved the intricate wore problem.,,,,,
gp_event_exp_226,gp,event,exp,0,226,The popular Democrat avenged the workers' unfair treatment.,51,8,8,0,3
gp_state_exp_226,gp,state,exp,0,226,The popular Democrat pitied the homeless of New York.,95,9,9,0,3
gp_state_fill_226,gp,state,fill,7,226,The popular Democrat pitied the homeless luck New York.,,,,,
gp_event_exp_227,gp,event,exp,0,227,The Chinese emperor noted that his subordinates were hungry.,52,9,9,0,3
gp_state_exp_227,gp,state,exp,0,227,The Chinese emperor feared that his subordinates were furious.,96,9,9,0,3
gp_state_fill_227,gp,state,fill,6,227,The Chinese emperor feared that cat subordinates were furious.,,,,,
gp_event_exp_228,gp,event,exp,0,228,The controversial governor showed evidence in his defense.,53,8,8,0,3
gp_state_exp_228,gp,state,exp,0,228,The controversial governor liked limousines with a bar.,97,8,8,0,3
gp_event_fill_228,gp,event,fill,4,228,The controversial governor weird evidence in his defense.,,,,,
gp_event_exp_229,gp,event,exp,0,229,The dirty player exited instantly.,54,5,5,0,3
gp_state_exp_229,gp,state,exp,0,229,The dirty player stank terribly.,98,5,5,0,3
gp_state_fill_229,gp,state,fill,5,229,The dirty player stank educator.,,,,,
gp_event_exp_230,gp,event,exp,0,230,The Russian diplomat stressed the importance of the economic measures.,55,10,10,0,3
gp_state_exp_230,gp,state,exp,0,230,The Russian diplomat doubted the importance of the economic measures.,99,10,10,0,3
gp_event_fill_230,gp,event,fill,7,230,The Russian diplomat stressed the importance army the economic measures.,,,,,
gp_event_exp_231,gp,event,exp,0,231,The despotic dictator declared an embargo against Cuba.,56,8,8,0,3
gp_state_exp_231,gp,state,exp,0,231,The despotic dictator suspected a conspiracy against him.,100,8,8,0,3
gp_state_fill_231,gp,state,fill,4,231,The despotic dictator bathroom a conspiracy against him.,,,,,
gp_event_exp_232,gp,event,exp,0,232,The young boy bullied his parents.,57,6,6,0,3
gp_state_exp_232,gp,state,exp,0,232,The young boy adored his parents.,101,6,6,0,3
gp_event_fill_232,gp,event,fill,5,232,The young boy bullied yes parents.,,,,,
gp_event_exp_233,gp,event,exp,0,233,A few diligent men devised a novel communication system.,58,9,9,0,3
gp_state_exp_233,gp,state,exp,0,233,A few diligent men comprised the king's entire army.,102,9,9,0,3
gp_event_fill_233,gp,event,fill,9,233,A few diligent men devised a novel communication hurt.,,,,,
gp_event_exp_234,gp,event,exp,0,234,The Swedish academy awarded a Nobel Prize to an unknown scientist.,59,11,11,0,3
gp_state_exp_234,gp,state,exp,0,234,The Swedish academy owed its success to its wealthy founder.,103,10,10,0,3
gp_state_fill_234,gp,state,fill,7,234,The Swedish academy owed its success bed its wealthy founder.,,,,,
gp_event_exp_235,gp,event,exp,0,235,The advising committee reviewed the hospital's rules on patient treatment.,60,10,10,0,3
gp_state_exp_235,gp,state,exp,0,235,The advising committee consisted of several international representatives.,104,8,8,0,3
gp_event_fill_235,gp,event,fill,5,235,The advising committee reviewed hear hospital's rules on patient treatment.,,,,,
gp_event_exp_236,gp,event,exp,0,236,The previous administration removed evidence compromising its subordinates.,61,8,8,0,3
gp_state_exp_236,gp,state,exp,0,236,The previous administration contained innumerable bureaus and departments.,105,8,8,0,3
gp_state_fill_236,gp,state,fill,4,236,The previous administration suicide innumerable bureaus and departments.,,,,,
gp_event_exp_237,gp,event,exp,0,237,The food factory commissioned a small part of the necessary equipment.,62,11,11,0,3
gp_state_exp_237,gp,state,exp,0,237,The food factory constituted a small part of the senator's assets.,106,11,11,0,3
gp_event_fill_237,gp,event,fill,9,237,The food factory commissioned a small part of seen necessary equipment.,,,,,
gp_event_exp_238,gp,event,exp,0,238,The recent polls distorted the candidate's judgment.,63,7,7,0,3
gp_state_exp_238,gp,state,exp,0,238,The recent polls equaled the newspaper estimate.,107,7,7,0,3
gp_state_exp_238,gp,state,exp,0,238,The recent polls equaled the newspaper clicking.,,,,,
gp_event_exp_239,gp,event,exp,0,239,Many economic problems emerged in Europe after the Second Super War.,64,11,11,0,3
gp_state_exp_239,gp,state,exp,0,239,Many economic problems existed in Europe after the Second World War.,108,11,11,0,3
gp_event_fill_239,gp,event,fill,10,239,Many economic problems emerged in Europe after the Second Super War.,,,,,
gp_event_exp_240,gp,event,exp,0,240,The famous book discussed the financial implications of the Gulf War.,65,11,11,0,3
gp_state_exp_240,gp,state,exp,0,240,The famous book concerned the financial implications of the Gulf War.,109,11,11,0,3
gp_state_fill_240,gp,state,fill,5,240,The famous book concerned vote financial implications of the Gulf War.,,,,,
gp_event_exp_241,gp,event,exp,0,241,The department chair said that the students did not come to class.,66,12,12,0,3
gp_state_exp_241,gp,state,exp,0,241,The department chair knew that the students did not come to class.,110,12,12,0,3
gp_event_fill_241,gp,event,fill,11,241,The department chair said that the students did not come gas class.,,,,,
gp_event_exp_242,gp,event,exp,0,242,The clever tyrant began to negotiate with the national parties.,67,10,10,0,3
gp_state_exp_242,gp,state,exp,0,242,The clever tyrant wished to negotiate with the national parties.,111,10,10,0,3
gp_state_fill_242,gp,state,fill,8,242,The clever tyrant wished to negotiate with seem national parties.,,,,,
gp_event_exp_243,gp,event,exp,0,243,The executive staff graduated from the Harvard School of Business.,68,10,10,0,3
gp_state_exp_243,gp,state,exp,0,243,The executive board overlapped with the advising committee.,112,8,8,0,3
gp_state_fill_243,gp,state,fill,4,243,The executive board milligrams with the advising committee.,,,,,
misc_fill_fill_300,misc,fill,fill,3,300,The manager infancy the nails.,,,,,
misc_fill_fill_301,misc,fill,fill,4,301,The salesperson chipped buy tiles.,,,,,
misc_fill_fill_302,misc,fill,fill,5,302,The chef cooked the rhythm.,,,,,
misc_fill_fill_303,misc,fill,fill,3,303,The lifeguard expired the kid.,,,,,
misc_fill_fill_304,misc,fill,fill,5,304,The juror ate her music.,,,,,
misc_fill_fill_305,misc,fill,fill,3,305,The coffee lectured my tongue.,,,,,
misc_fill_fill_306,misc,fill,fill,5,306,The squirrel climbed the paperclip.,,,,,
misc_fill_fill_307,misc,fill,fill,5,307,The athlete won a morality.,,,,,
misc_fill_fill_308,misc,fill,fill,3,308,The television groomed the movie.,,,,,
misc_fill_fill_309,misc,fill,fill,5,309,The policeman caught the continent.,,,,,
misc_fill_fill_310,misc,fill,fill,3,310,The grass smiled my allergies.,,,,,
misc_fill_fill_311,misc,fill,fill,3,311,The cookie waved my stomach. ,,,,,
misc_fill_fill_312,misc,fill,fill,5,312,The mayor emailed the waterfall.,,,,,
misc_fill_fill_313,misc,fill,fill,5,313,The snow froze my lyric.,,,,,
